Text,Image URL,Tags,Posting Time
Découvrez notre nouvelle plaquette commerciale ! Convoyage auto & moto partout en France avec suivi GPS et accompagnement premium.,convoyage,transportvehicule,france,2026-06-29 09:00
Swipe pour voir notre plaquette commerciale et nos 3 packs : Starter, Sérénité, Excellence.,bathilyconvoyage,convoyageauto,2026-06-29 12:00
Voici notre nouvelle plaquette commerciale ! Convoyage sécurisé, suivi GPS, devis gratuit.,convoyage,auto,moto,2026-06-29 14:00
Nouvelle plaquette commerciale Bathily-Convoyage : convoyage auto & moto, suivi GPS, 3 packs adaptés à vos besoins.,transportvehicule,logistique,2026-06-29 17:00
Concessions, loueurs, flottes : découvrez notre plaquette professionnelle dédiée aux volumes B2B.,B2B,concession,logistique,2026-06-30 09:00
Swipe pour voir notre plaquette professionnelle pour concessions, loueurs et flottes.,bathilyconvoyage,B2B,2026-06-30 12:00
Nouvelle plaquette pro pour concessions et loueurs ! Convoyage volumes, GPS, état des lieux.,B2B,concession,2026-06-30 14:00
Nouvelle plaquette professionnelle Bathily-Convoyage : solutions B2B pour concessions, loueurs, flottes.,B2B,transport,2026-06-30 17:00
Suivi GPS en temps réel pour tous vos convoyages. Visibilité totale de votre véhicule.,suiviGPS,convoyage,2026-07-01 09:00
Votre véhicule tracé en temps réel. Swipe pour voir comment ça marche.,bathilyconvoyage,GPS,2026-07-01 12:00
Comment fonctionne notre suivi GPS ? Visibilité totale de votre véhicule en convoyage.,GPS,convoyage,2026-07-01 14:00
Suivi GPS en temps réel : visibilité totale pour vos convoyages auto & moto.,logistique,transport,2026-07-01 17:00
État des lieux photo au départ et à l’arrivée. Sécurité maximale.,securite,convoyage,2026-07-02 09:00
Swipe pour voir notre procédure d’état des lieux photo.,bathilyconvoyage,securite,2026-07-02 12:00
État des lieux photo : départ et arrivée. Sécurité garantie.,convoyage,auto,2026-07-02 14:00
État des lieux photo au départ et à l’arrivée : sécurité et traçabilité.,transport,securite,2026-07-02 17:00
Pack Starter : transport sécurisé avec documents, suivi et livraison de référence.,packstarter,convoyage,2026-07-03 09:00
Découvrez notre Pack Starter pour un convoyage de référence. Swipe pour les détails.,bathilyconvoyage,pack,2026-07-03 12:00
Le Pack Starter : convoyage sécurisé avec suivi GPS.,convoyage,auto,2026-07-03 14:00
Pack Starter Bathily-Convoyage : transport sécurisé avec suivi GPS et documents.,transport,offre,2026-07-03 17:00
Pack Sérénité : plus de tranquillité avec options premium et accompagnement renforcé.,packserenite,convoyage,2026-07-04 09:00
Le Pack Sérénité pour une expérience premium. Swipe pour les avantages.,bathilyconvoyage,pack,2026-07-04 12:00
Le Pack Sérénité : options premium et accompagnement renforcé.,convoyage,premium,2026-07-04 14:00
Pack Sérénité Bathily-Convoyage : options premium et accompagnement renforcé.,transport,premium,2026-07-04 17:00
Pack Excellence : expérience complète pour véhicules sensibles et clients exigeants.,packexcellence,convoyage,2026-07-05 09:00
Le Pack Excellence pour une expérience complète. Swipe pour les détails.,bathilyconvoyage,pack,2026-07-05 12:00
Le Pack Excellence : convoyage premium pour véhicules sensibles.,convoyage,premium,2026-07-05 14:00
Pack Excellence Bathily-Convoyage : expérience complète pour véhicules sensibles.,transport,premium,2026-07-05 17:00
Concessions : transferts VN/VO, reprises, échanges inter-sites. Convoyage dédié.,concession,B2B,2026-07-06 09:00
Swipe pour voir nos solutions concessions : transferts, reprises, échanges.,bathilyconvoyage,concession,2026-07-06 12:00
Solutions concessions : transferts VN/VO, reprises, échanges inter-sites.,concession,B2B,2026-07-06 14:00
Solutions concessions Bathily-Convoyage : transferts VN/VO, reprises, échanges inter-sites.,B2B,concession,2026-07-06 17:00
Loueurs : déplacements récurrents, rapatriements, rotations régionales.,loueurs,B2B,2026-07-07 09:00
Swipe pour voir nos solutions loueurs : déplacements récurrents et rapatriements.,bathilyconvoyage,loueurs,2026-07-07 12:00
Solutions loueurs : déplacements récurrents, rapatriements, rotations.,loueurs,B2B,2026-07-07 14:00
Solutions loueurs Bathily-Convoyage : déplacements récurrents, rapatriements, rotations.,B2B,loueurs,2026-07-07 17:00
Entreprises et flottes : mutation collaborateur, véhicule de fonction, restitution.,flotte,B2B,2026-07-08 09:00
Swipe pour voir nos solutions flottes : mutation, véhicule de fonction, restitution.,bathilyconvoyage,flotte,2026-07-08 12:00
Solutions flottes : mutation collaborateur, véhicule de fonction, restitution.,flotte,B2B,2026-07-08 14:00
Solutions flottes Bathily-Convoyage : mutation collaborateur, véhicule de fonction, restitution.,B2B,flotte,2026-07-08 17:00
Convoyage par la route : flexible, économique et couvre toute la France.,transportroute,convoyage,2026-07-09 09:00
Swipe pour voir les avantages du convoyage par la route.,bathilyconvoyage,route,2026-07-09 12:00
Convoyage par la route : flexible et économique pour toute la France.,transport,route,2026-07-09 14:00
Convoyage par la route Bathily-Convoyage : flexible, économique, France entière.,transport,logistique,2026-07-09 17:00
Transport plateau : idéal pour véhicules non roulants, sensibles ou longue distance.,transportplateau,convoyage,2026-07-10 09:00
Swipe pour voir quand choisir le transport plateau.,bathilyconvoyage,plateau,2026-07-10 12:00
Transport plateau : pour véhicules non roulants et sensibles.,transport,plateau,2026-07-10 14:00
Transport plateau Bathily-Convoyage : véhicules non roulants, sensibles, longue distance.,transport,logistique,2026-07-10 17:00
Nos convoyeurs sont vérifiés et formés pour garantir sécurité et professionnalisme.,securite,convoyage,2026-07-11 09:00
Swipe pour voir comment nous sélectionnons nos convoyeurs.,bathilyconvoyage,securite,2026-07-11 12:00
Nos convoyeurs sont vérifiés et formés. Sécurité garantie.,convoyage,securite,2026-07-11 14:00
Convoyeurs vérifiés et formés Bathily-Convoyage : sécurité et professionnalisme.,transport,securite,2026-07-11 17:00
Devis gratuit en ligne en 2 minutes. Réponse rapide et transparente.,devisgratuit,convoyage,2026-07-12 09:00
Swipe pour obtenir votre devis gratuit en 2 minutes.,bathilyconvoyage,devis,2026-07-12 12:00
Obtenez votre devis gratuit en 2 minutes ! Réponse rapide.,devis,convoyage,2026-07-12 14:00
Devis gratuit Bathily-Convoyage : réponse rapide et transparente en 2 minutes.,transport,devis,2026-07-12 17:00
Disponible tout l’été pour vos convoyages auto & moto. Réservez maintenant.,ete,convoyage,2026-07-13 09:00
Swipe pour voir nos disponibilités d’été.,bathilyconvoyage,ete,2026-07-13 12:00
Disponible tout l’été pour vos convoyages auto & moto.,ete,convoyage,2026-07-13 14:00
Disponible tout l’été Bathily-Convoyage : réservez vos convoyages auto & moto.,transport,ete,2026-07-13 17:00
Urgence convoyage ? Nous répondons rapidement pour vos besoins immédiats.,urgence,convoyage,2026-07-14 09:00
Urgence convoyage ? Appelez-nous au 07 58 36 22 49.,bathilyconvoyage,urgence,2026-07-14 12:00
Urgence convoyage ? Appelez le 07 58 36 22 49. Réponse rapide.,urgence,convoyage,2026-07-14 14:00
Urgence convoyage Bathily-Convoyage : réponse rapide au 07 58 36 22 49.,transport,urgence,2026-07-14 17:00
Un client satisfait : "Convoyage impeccable, suivi GPS top, véhicule livré en parfait état.",temoignage,convoyage,2026-07-15 09:00
Swipe pour lire le témoignage de notre client.,bathilyconvoyage,temoignage,2026-07-15 12:00
Témoignage client : "Convoyage impeccable, suivi GPS top.",convoyage,temoignage,2026-07-15 14:00
Témoignage client Bathily-Convoyage : convoyage impeccable, suivi GPS top.,transport,temoignage,2026-07-15 17:00
Notre process pro en 4 étapes : demande, planification, exécution, clôture.,process,convoyage,2026-07-16 09:00
Swipe pour voir notre process en 4 étapes.,bathilyconvoyage,process,2026-07-16 12:00
Notre process en 4 étapes : demande, planification, exécution, clôture.,convoyage,process,2026-07-16 14:00
Process pro Bathily-Convoyage en 4 étapes : demande, planification, exécution, clôture.,transport,process,2026-07-16 17:00
Ce que vous gagnez avec Bathily-Convoyage : interlocuteur unique, missions documentées, visibilité.,B2B,avantages,2026-07-17 09:00
Swipe pour voir les avantages de nos solutions pros.,bathilyconvoyage,B2B,2026-07-17 12:00
Avantages pros : interlocuteur unique, missions documentées, visibilité.,B2B,convoyage,2026-07-17 14:00
Avantages pros Bathily-Convoyage : interlocuteur unique, missions documentées, visibilité.,B2B,transport,2026-07-17 17:00
Convoyage partout en France : métropole et DOM-TOM. Couverture nationale.,france,convoyage,2026-07-18 09:00
Swipe pour voir notre couverture France entière.,bathilyconvoyage,france,2026-07-18 12:00
Convoyage partout en France : métropole et DOM-TOM.,france,convoyage,2026-07-18 14:00
Couverture France entière Bathily-Convoyage : métropole et DOM-TOM.,transport,france,2026-07-18 17:00
Convoyage auto et moto : tous types de véhicules, tous budgets.,auto,moto,convoyage,2026-07-19 09:00
Swipe pour voir les véhicules que nous convoyons.,bathilyconvoyage,auto,2026-07-19 12:00
Convoyage auto et moto : tous types de véhicules.,auto,moto,convoyage,2026-07-19 14:00
Convoyage auto & moto Bathily-Convoyage : tous types de véhicules, tous budgets.,transport,auto,2026-07-19 17:00
Offre spéciale juillet : -10% sur votre premier convoyage avec le code ETE2026.,offre,convoyage,2026-07-20 09:00
Swipe pour profiter de notre offre -10% avec le code ETE2026.,bathilyconvoyage,offre,2026-07-20 12:00
Offre spéciale juillet : -10% avec le code ETE2026.,offre,convoyage,2026-07-20 14:00
Offre spéciale juillet Bathily-Convoyage : -10% avec le code ETE2026.,transport,offre,2026-07-20 17:00
Route ou plateau ? Nous vous conseillons selon votre véhicule et votre budget.,comparaison,convoyage,2026-07-21 09:00
Swipe pour voir quand choisir route ou plateau.,bathilyconvoyage,comparaison,2026-07-21 12:00
Route ou plateau ? Nous vous conseillons selon votre véhicule.,convoyage,comparaison,2026-07-21 14:00
Comparaison route vs plateau Bathily-Convoyage : conseil selon véhicule et budget.,transport,comparaison,2026-07-21 17:00
FAQ : combien de temps ? quel prix ? comment réserver ? Réponses ici.,FAQ,convoyage,2026-07-22 09:00
Swipe pour voir les réponses aux questions fréquentes.,bathilyconvoyage,FAQ,2026-07-22 12:00
FAQ convoyage : combien de temps ? quel prix ? comment réserver ?,convoyage,FAQ,2026-07-22 14:00
FAQ Bathily-Convoyage : combien de temps ? quel prix ? comment réserver ?,transport,FAQ,2026-07-22 17:00
Engagement social : convoyeurs formés, respectueux et professionnels.,social,convoyage,2026-07-23 09:00
Swipe pour voir notre engagement social.,bathilyconvoyage,social,2026-07-23 12:00
Engagement social : convoyeurs formés et respectueux.,convoyage,social,2026-07-23 14:00
Engagement social Bathily-Convoyage : convoyeurs formés, respectueux, professionnels.,transport,social,2026-07-23 17:00
Assurance 24/7 incluse sur tous nos convoyages. Tranquillité totale.,assurance,convoyage,2026-07-24 09:00
Swipe pour voir notre couverture assurance 24/7.,bathilyconvoyage,assurance,2026-07-24 12:00
Assurance 24/7 incluse sur tous nos convoyages. Tranquillité totale.,convoyage,assurance,2026-07-24 14:00
Assurance 24/7 Bathily-Convoyage : tranquillité totale sur tous vos convoyages.,transport,assurance,2026-07-24 17:00
Retour véhicule après achat à distance : nous livrons chez vous.,retourvehicule,convoyage,2026-07-25 09:00
Swipe pour voir comment fonctionne le retour véhicule.,bathilyconvoyage,retour,2026-07-25 12:00
Retour véhicule après achat à distance : nous livrons chez vous.,convoyage,retour,2026-07-25 14:00
Retour véhicule Bathily-Convoyage : après achat à distance, livraison chez vous.,transport,retour,2026-07-25 17:00
Partenaires : concessions, loueurs, garages, réseaux partenaires.,partenaires,B2B,2026-07-26 09:00
Swipe pour voir nos partenaires et réseaux.,bathilyconvoyage,partenaires,2026-07-26 12:00
Nos partenaires : concessions, loueurs, garages, réseaux.,partenaires,B2B,2026-07-26 14:00
Partenaires Bathily-Convoyage : concessions, loueurs, garages, réseaux.,B2B,transport,2026-07-26 17:00
Salon auto : besoin de convoyage pour vos véhicules exposés ? Nous sommes là.,salonauto,convoyage,2026-07-27 09:00
Swipe pour voir nos solutions pour salons auto.,bathilyconvoyage,salon,2026-07-27 12:00
Salon auto : convoyage pour véhicules exposés.,salonauto,convoyage,2026-07-27 14:00
Salon auto Bathily-Convoyage : convoyage pour véhicules exposés.,B2B,salonauto,2026-07-27 17:00
Formation continue de nos convoyeurs : qualité et sécurité constantes.,formation,convoyage,2026-07-28 09:00
Swipe pour voir notre programme de formation convoyeurs.,bathilyconvoyage,formation,2026-07-28 12:00
Formation continue de nos convoyeurs : qualité et sécurité.,convoyage,formation,2026-07-28 14:00
Formation continue Bathily-Convoyage : qualité et sécurité constantes.,transport,formation,2026-07-28 17:00
Notre technologie GPS de pointe pour une visibilité en temps réel.,innovation,GPS,2026-07-29 09:00
Swipe pour voir notre technologie GPS.,bathilyconvoyage,innovation,2026-07-29 12:00
Technologie GPS de pointe pour visibilité en temps réel.,GPS,innovation,2026-07-29 14:00
Innovation GPS Bathily-Convoyage : technologie de pointe pour visibilité temps réel.,transport,innovation,2026-07-29 17:00
Derniers jours pour profiter de -10% avec le code ETE2026. Offre valide jusqu’au 31/07.,offre,convoyage,2026-07-30 09:00
Swipe pour profiter de -10% avec le code ETE2026 avant le 31/07.,bathilyconvoyage,offre,2026-07-30 12:00
Derniers jours pour -10% avec le code ETE2026.,offre,convoyage,2026-07-30 14:00
Offre fin juillet Bathily-Convoyage : -10% avec le code ETE2026 jusqu’au 31/07.,transport,offre,2026-07-30 17:00
Récap juillet : 31 jours de contenu, 3 plaquettes, 1 offre spéciale. Merci de votre confiance !,recap,convoyage,2026-07-31 09:00
Swipe pour voir notre récap juillet et nos nouveautés.,bathilyconvoyage,recap,2026-07-31 12:00
Récap juillet : nouveautés, offres, merci de votre confiance !,convoyage,recap,2026-07-31 14:00
Récap juillet Bathily-Convoyage : 31 jours de contenu, 3 plaquettes, offre spéciale.,transport,recap,2026-07-31 17:00
